n,LOOP,Recursivity
1000,0.00019359588623046875,0.00019598007202148438
10000,0.015061616897583008,0.015189647674560547
100000,1.900266170501709,1.8673224449157715
200000,8.72843623161316,8.64321231842041
350000,26.150561332702637,26.323230028152466
500000,68.90985131263733,67.1955213546753